,time,HR
0,00:00:00,99.0
1,00:01:00,97.0
2,00:02:00,98.0
3,00:03:00,106.0
4,00:04:00,106.0
5,00:05:00,107.0
6,00:06:00,106.0
7,00:07:00,106.0
8,00:08:00,105.0
9,00:09:00,93.0
10,00:10:00,94.0
11,00:11:00,92.0
12,00:12:00,91.0
13,00:13:00,90.0
14,00:14:00,90.0
15,00:15:00,91.0
16,00:16:00,91.0
17,00:17:00,91.0
18,00:18:00,97.0
19,00:19:00,108.0
20,00:20:00,105.0
21,00:21:00,106.0
22,00:22:00,107.0
23,00:23:00,108.0
24,00:24:00,114.0
25,00:25:00,118.0
26,00:26:00,113.0
27,00:27:00,106.0
28,00:28:00,100.0
29,00:29:00,96.0
30,00:30:00,91.0
31,00:31:00,89.0
32,00:32:00,89.0
33,00:33:00,87.0
34,00:34:00,89.0
35,00:35:00,87.0
36,00:36:00,91.0
37,00:37:00,84.0
38,00:38:00,82.0
39,00:39:00,88.0
40,00:40:00,87.0
41,00:41:00,88.0
42,00:42:00,103.0
43,00:43:00,108.0
44,00:44:00,104.0
45,00:45:00,108.0
46,00:46:00,99.0
47,00:47:00,94.0
48,00:48:00,91.0
49,00:49:00,95.0
50,00:50:00,89.0
51,00:51:00,89.0
52,00:52:00,87.0
53,00:53:00,89.0
54,00:54:00,89.0
55,00:55:00,90.0
56,00:56:00,90.0
57,00:57:00,91.0
58,00:58:00,91.0
59,00:59:00,91.0
60,01:00:00,92.0
61,01:01:00,93.0
62,01:02:00,92.0
63,01:03:00,93.0
64,01:04:00,90.0
65,01:05:00,91.0
66,01:06:00,93.0
67,01:07:00,93.0
68,01:08:00,93.0
69,01:09:00,92.0
70,01:10:00,93.0
71,01:11:00,93.0
72,01:12:00,93.0
73,01:13:00,94.0
74,01:14:00,95.0
75,01:15:00,95.0
76,01:16:00,94.0
77,01:17:00,94.0
78,01:18:00,95.0
79,01:19:00,94.0
80,01:20:00,95.0
81,01:21:00,95.0
82,01:22:00,96.0
83,01:23:00,96.0
84,01:24:00,96.0
85,01:25:00,98.0
86,01:26:00,98.0
87,01:27:00,97.0
88,01:28:00,98.0
89,01:29:00,99.0
90,01:30:00,98.0
91,01:31:00,98.0
92,01:32:00,98.0
93,01:33:00,100.0
94,01:34:00,100.0
95,01:35:00,102.0
96,01:36:00,94.0
97,01:37:00,97.0
98,01:38:00,98.0
99,01:39:00,98.0
100,01:40:00,99.0
101,01:41:00,100.0
102,01:42:00,98.0
103,01:43:00,98.0
104,01:44:00,98.0
105,01:45:00,97.0
106,01:46:00,99.0
107,01:47:00,99.0
108,01:48:00,100.0
109,01:49:00,93.0
110,01:50:00,95.0
111,01:51:00,97.0
112,01:52:00,98.0
113,01:53:00,97.0
114,01:54:00,101.0
115,01:55:00,100.0
116,01:56:00,98.0
117,01:57:00,100.0
118,01:58:00,97.0
119,01:59:00,96.0
120,02:00:00,97.0
121,02:01:00,97.0
122,02:02:00,96.0
123,02:03:00,95.0
124,02:04:00,98.0
125,02:05:00,94.0
126,02:06:00,95.0
127,02:07:00,96.0
128,02:08:00,96.0
129,02:09:00,95.0
130,02:10:00,97.0
131,02:11:00,102.0
132,02:12:00,93.0
133,02:13:00,96.0
134,02:14:00,94.0
135,02:15:00,98.0
136,02:16:00,95.0
137,02:17:00,98.0
138,02:18:00,96.0
139,02:19:00,96.0
140,02:20:00,94.0
141,02:21:00,99.0
142,02:22:00,97.0
143,02:23:00,100.0
144,02:24:00,101.0
145,02:25:00,93.0
146,02:26:00,92.0
147,02:27:00,94.0
148,02:28:00,90.0
149,02:29:00,92.0
150,02:30:00,92.0
151,02:31:00,95.0
152,02:32:00,93.0
153,02:33:00,93.0
154,02:34:00,89.0
155,02:35:00,92.0
156,02:36:00,91.0
157,02:37:00,91.0
158,02:38:00,88.0
159,02:39:00,90.0
160,02:40:00,91.0
161,02:41:00,88.0
162,02:42:00,93.0
163,02:43:00,91.0
164,02:44:00,91.0
165,02:45:00,94.0
166,02:46:00,95.0
167,02:47:00,101.0
168,02:48:00,90.0
169,02:49:00,93.0
170,02:50:00,94.0
171,02:51:00,98.0
172,02:52:00,93.0
173,02:53:00,97.0
174,02:54:00,97.0
175,02:55:00,92.0
176,02:56:00,92.0
177,02:57:00,94.0
178,02:58:00,95.0
179,02:59:00,93.0
180,03:00:00,92.0
181,03:01:00,93.0
182,03:02:00,92.0
183,03:03:00,92.0
184,03:04:00,92.0
185,03:05:00,91.0
186,03:06:00,92.0
187,03:07:00,92.0
188,03:08:00,92.0
189,03:09:00,91.0
190,03:10:00,91.0
191,03:11:00,94.0
192,03:12:00,93.0
193,03:13:00,93.0
194,03:14:00,93.0
195,03:15:00,91.0
196,03:16:00,91.0
197,03:17:00,92.0
198,03:18:00,92.0
199,03:19:00,93.0
200,03:20:00,92.0
201,03:21:00,92.0
202,03:22:00,92.0
203,03:23:00,89.0
204,03:24:00,92.0
205,03:25:00,92.0
206,03:26:00,91.0
207,03:27:00,90.0
208,03:28:00,90.0
209,03:29:00,90.0
210,03:30:00,90.0
211,03:31:00,89.0
212,03:32:00,89.0
213,03:33:00,88.0
214,03:34:00,88.0
215,03:35:00,89.0
216,03:36:00,89.0
217,03:37:00,88.0
218,03:38:00,88.0
219,03:39:00,85.0
220,03:40:00,87.0
221,03:41:00,88.0
222,03:42:00,89.0
223,03:43:00,80.0
224,03:44:00,83.0
225,03:45:00,85.0
226,03:46:00,85.0
227,03:47:00,84.0
228,03:48:00,85.0
229,03:49:00,86.0
230,03:50:00,85.0
231,03:51:00,85.0
232,03:52:00,84.0
233,03:53:00,85.0
234,03:54:00,84.0
235,03:55:00,86.0
236,03:56:00,85.0
237,03:57:00,85.0
238,03:58:00,84.0
239,03:59:00,85.0
240,04:00:00,85.0
241,04:01:00,84.0
242,04:02:00,83.0
243,04:03:00,83.0
244,04:04:00,85.0
245,04:05:00,83.0
246,04:06:00,83.0
247,04:07:00,85.0
248,04:08:00,85.0
249,04:09:00,84.0
250,04:10:00,86.0
251,04:11:00,94.0
252,04:12:00,84.0
253,04:13:00,81.0
254,04:14:00,80.0
255,04:15:00,80.0
256,04:16:00,80.0
257,04:17:00,79.0
258,04:18:00,79.0
259,04:19:00,81.0
260,04:20:00,79.0
261,04:21:00,80.0
262,04:22:00,79.0
263,04:23:00,78.0
264,04:24:00,79.0
265,04:25:00,80.0
266,04:26:00,81.0
267,04:27:00,83.0
268,04:28:00,81.0
269,04:29:00,87.0
270,04:30:00,89.0
271,04:31:00,90.0
272,04:32:00,87.0
273,04:33:00,89.0
274,04:34:00,89.0
275,04:35:00,90.0
276,04:36:00,92.0
277,04:37:00,91.0
278,04:38:00,90.0
279,04:39:00,86.0
280,04:40:00,88.0
281,04:41:00,88.0
282,04:42:00,85.0
283,04:43:00,83.0
284,04:44:00,83.0
285,04:45:00,84.0
286,04:46:00,84.0
287,04:47:00,84.0
288,04:48:00,83.0
289,04:49:00,83.0
290,04:50:00,86.0
291,04:51:00,85.0
292,04:52:00,87.0
293,04:53:00,88.0
294,04:54:00,88.0
295,04:55:00,88.0
296,04:56:00,88.0
297,04:57:00,87.0
298,04:58:00,87.0
299,04:59:00,88.0
300,05:00:00,88.0
301,05:01:00,88.0
302,05:02:00,87.0
303,05:03:00,86.0
304,05:04:00,87.0
305,05:05:00,86.0
306,05:06:00,85.0
307,05:07:00,86.0
308,05:08:00,84.0
309,05:09:00,84.0
310,05:10:00,84.0
311,05:11:00,83.0
312,05:12:00,84.0
313,05:13:00,84.0
314,05:14:00,83.0
315,05:15:00,84.0
316,05:16:00,86.0
317,05:17:00,79.0
318,05:18:00,79.0
319,05:19:00,79.0
320,05:20:00,80.0
321,05:21:00,80.0
322,05:22:00,80.0
323,05:23:00,80.0
324,05:24:00,80.0
325,05:25:00,80.0
326,05:26:00,80.0
327,05:27:00,79.0
328,05:28:00,78.0
329,05:29:00,79.0
330,05:30:00,78.0
331,05:31:00,78.0
332,05:32:00,79.0
333,05:33:00,78.0
334,05:34:00,79.0
335,05:35:00,79.0
336,05:36:00,80.0
337,05:37:00,79.0
338,05:38:00,75.0
339,05:39:00,76.0
340,05:40:00,77.0
341,05:41:00,77.0
342,05:42:00,77.0
343,05:43:00,78.0
344,05:44:00,80.0
345,05:45:00,78.0
346,05:46:00,78.0
347,05:47:00,76.0
348,05:48:00,85.0
349,05:49:00,84.0
350,05:50:00,82.0
351,05:51:00,88.0
352,05:52:00,85.0
353,05:53:00,85.0
354,05:54:00,84.0
355,05:55:00,85.0
356,05:56:00,84.0
357,05:57:00,85.0
358,05:58:00,84.0
359,05:59:00,84.0
360,06:00:00,84.0
361,06:01:00,86.0
362,06:02:00,84.0
363,06:03:00,85.0
364,06:04:00,81.0
365,06:05:00,80.0
366,06:06:00,82.0
367,06:07:00,83.0
368,06:08:00,86.0
369,06:09:00,87.0
370,06:10:00,86.0
371,06:11:00,83.0
372,06:12:00,86.0
373,06:13:00,82.0
374,06:14:00,85.0
375,06:15:00,82.0
376,06:16:00,83.0
377,06:17:00,82.0
378,06:18:00,82.0
379,06:19:00,82.0
380,06:20:00,81.0
381,06:21:00,83.0
382,06:22:00,84.0
383,06:23:00,80.0
384,06:24:00,81.0
385,06:25:00,80.0
386,06:26:00,79.0
387,06:27:00,80.0
388,06:28:00,81.0
389,06:29:00,81.0
390,06:30:00,80.0
391,06:31:00,80.0
392,06:32:00,80.0
393,06:33:00,80.0
394,06:34:00,80.0
395,06:35:00,79.0
396,06:36:00,80.0
397,06:37:00,82.0
398,06:38:00,86.0
399,06:39:00,81.0
400,06:40:00,76.0
401,06:41:00,79.0
402,06:42:00,79.0
403,06:43:00,80.0
404,06:44:00,81.0
405,06:45:00,80.0
406,06:46:00,80.0
407,06:47:00,81.0
408,06:48:00,81.0
409,06:49:00,80.0
410,06:50:00,80.0
411,06:51:00,80.0
412,06:52:00,81.0
413,06:53:00,80.0
414,06:54:00,86.0
415,06:55:00,81.0
416,06:56:00,81.0
417,06:57:00,82.0
418,06:58:00,78.0
419,06:59:00,79.0
420,07:00:00,81.0
421,07:01:00,82.0
422,07:02:00,84.0
423,07:03:00,81.0
424,07:04:00,79.0
425,07:05:00,83.0
426,07:06:00,83.0
427,07:07:00,85.0
428,07:08:00,90.0
429,07:09:00,84.0
430,07:10:00,84.0
431,07:11:00,81.0
432,07:12:00,80.0
433,07:13:00,81.0
434,07:14:00,83.0
435,07:15:00,80.0
436,07:16:00,80.0
437,07:17:00,82.0
438,07:18:00,85.0
439,07:19:00,81.0
440,07:20:00,81.0
441,07:21:00,76.0
442,07:22:00,79.0
443,07:23:00,84.0
444,07:24:00,85.0
445,07:25:00,80.0
446,07:26:00,80.0
447,07:27:00,80.0
448,07:28:00,87.0
449,07:29:00,87.0
450,07:30:00,79.0
451,07:31:00,80.0
452,07:32:00,81.0
453,07:33:00,98.0
454,07:34:00,103.0
455,07:35:00,100.0
456,07:36:00,101.0
457,07:37:00,96.0
458,07:38:00,95.0
459,07:39:00,97.0
460,07:40:00,96.0
461,07:41:00,97.0
462,07:42:00,93.0
463,07:43:00,89.0
464,07:44:00,92.0
465,07:45:00,92.0
466,07:46:00,88.0
467,07:47:00,89.0
468,07:48:00,93.0
469,07:49:00,101.0
470,07:50:00,105.0
471,07:51:00,108.0
472,07:52:00,105.0
473,07:53:00,99.0
474,07:54:00,100.0
475,07:55:00,93.0
476,07:56:00,97.0
477,07:57:00,96.0
478,07:58:00,98.0
479,07:59:00,97.0
480,08:00:00,97.0
481,08:01:00,98.0
482,08:02:00,98.0
483,08:03:00,101.0
484,08:04:00,98.0
485,08:05:00,101.0
486,08:06:00,105.0
487,08:07:00,102.0
488,08:08:00,101.0
489,08:09:00,102.0
490,08:10:00,102.0
491,08:11:00,105.0
492,08:12:00,109.0
493,08:13:00,99.0
494,08:14:00,95.0
495,08:15:00,93.0
496,08:16:00,91.0
497,08:17:00,92.0
498,08:18:00,92.0
499,08:19:00,94.0
500,08:20:00,92.0
501,08:21:00,90.0
502,08:22:00,88.0
503,08:23:00,89.0
504,08:24:00,88.0
505,08:25:00,95.0
506,08:26:00,101.0
507,08:27:00,101.0
508,08:28:00,100.0
509,08:29:00,106.0
510,08:30:00,107.0
511,08:31:00,107.0
512,08:32:00,110.0
513,08:33:00,109.0
514,08:34:00,112.0
515,08:35:00,119.0
516,08:36:00,122.0
517,08:37:00,113.0
518,08:38:00,127.0
519,08:39:00,117.0
520,08:40:00,127.0
521,08:41:00,123.0
522,08:42:00,111.0
523,08:43:00,120.0
524,08:44:00,111.0
525,08:45:00,109.0
526,08:46:00,107.0
527,08:47:00,107.0
528,08:48:00,107.0
529,08:49:00,110.0
530,08:50:00,110.0
531,08:51:00,131.0
532,08:52:00,144.0
533,08:53:00,144.0
534,08:54:00,140.0
535,08:55:00,141.0
536,08:56:00,136.0
537,08:57:00,134.0
538,08:58:00,130.0
539,08:59:00,130.0
540,09:00:00,125.0
541,09:01:00,123.0
542,09:02:00,122.0
543,09:03:00,124.0
544,09:04:00,120.0
545,09:05:00,110.0
546,09:06:00,107.0
547,09:07:00,107.0
548,09:08:00,106.0
549,09:09:00,105.0
550,09:10:00,103.0
551,09:11:00,105.0
552,09:12:00,105.0
553,09:13:00,103.0
554,09:14:00,103.0
555,09:15:00,104.0
556,09:16:00,103.0
557,09:17:00,119.0
558,09:18:00,132.0
559,09:19:00,132.0
560,09:20:00,116.0
561,09:21:00,115.0
562,09:22:00,117.0
563,09:56:00,109.0
564,09:57:00,109.0
565,09:58:00,111.0
566,09:59:00,111.0
567,10:00:00,110.0
568,10:01:00,112.0
569,10:02:00,110.0
570,10:03:00,109.0
571,10:04:00,101.0
572,10:05:00,99.0
573,10:06:00,97.0
574,10:07:00,110.0
575,10:08:00,111.0
576,10:09:00,115.0
577,10:10:00,119.0
578,10:11:00,120.0
579,10:12:00,116.0
580,10:13:00,124.0
581,10:14:00,115.0
582,10:15:00,102.0
583,10:16:00,100.0
584,10:17:00,97.0
585,10:18:00,96.0
586,10:19:00,95.0
587,10:20:00,94.0
588,10:21:00,92.0
589,10:22:00,91.0
590,10:23:00,91.0
591,10:24:00,91.0
592,10:25:00,89.0
593,10:26:00,89.0
594,10:27:00,88.0
595,10:28:00,89.0
596,10:29:00,89.0
597,10:30:00,88.0
598,10:31:00,90.0
599,10:32:00,90.0
600,10:33:00,89.0
601,10:34:00,90.0
602,10:35:00,91.0
603,10:36:00,89.0
604,10:37:00,88.0
605,10:38:00,88.0
606,10:39:00,88.0
607,10:40:00,84.0
608,10:41:00,91.0
609,10:42:00,88.0
610,10:43:00,88.0
611,10:44:00,89.0
612,10:45:00,90.0
613,10:46:00,89.0
614,10:47:00,87.0
615,10:48:00,92.0
616,10:49:00,95.0
617,10:50:00,94.0
618,10:51:00,101.0
619,10:52:00,122.0
620,10:53:00,122.0
621,10:54:00,118.0
622,10:55:00,100.0
623,10:56:00,99.0
624,10:57:00,94.0
625,10:58:00,94.0
626,10:59:00,92.0
627,11:00:00,104.0
628,11:01:00,110.0
629,11:02:00,111.0
630,11:03:00,99.0
631,11:04:00,102.0
632,11:05:00,103.0
633,11:06:00,101.0
634,11:07:00,102.0
635,11:08:00,99.0
636,11:09:00,102.0
637,11:10:00,102.0
638,11:11:00,100.0
639,11:12:00,101.0
640,11:13:00,98.0
641,11:14:00,97.0
642,11:15:00,93.0
643,11:16:00,93.0
644,11:17:00,93.0
645,11:18:00,95.0
646,11:19:00,91.0
647,11:20:00,90.0
648,11:21:00,92.0
649,11:22:00,91.0
650,11:23:00,90.0
651,11:24:00,92.0
652,11:25:00,90.0
653,11:26:00,87.0
654,11:27:00,89.0
655,11:28:00,87.0
656,11:29:00,88.0
657,11:30:00,86.0
658,11:31:00,87.0
659,11:32:00,89.0
660,11:33:00,87.0
661,11:34:00,87.0
662,11:35:00,89.0
663,11:36:00,88.0
664,11:37:00,89.0
665,11:38:00,89.0
666,11:39:00,88.0
667,11:40:00,89.0
668,11:41:00,91.0
669,11:42:00,90.0
670,11:43:00,92.0
671,11:44:00,89.0
672,11:45:00,89.0
673,11:46:00,90.0
674,11:47:00,84.0
675,11:48:00,88.0
676,11:49:00,87.0
677,11:50:00,85.0
678,11:51:00,87.0
679,11:52:00,87.0
680,11:53:00,85.0
681,11:54:00,89.0
682,11:55:00,88.0
683,11:56:00,88.0
684,11:57:00,86.0
685,11:58:00,85.0
686,11:59:00,94.0
687,12:00:00,85.0
688,12:01:00,90.0
689,12:02:00,85.0
690,12:03:00,83.0
691,12:04:00,90.0
692,12:05:00,90.0
693,12:06:00,84.0
694,12:07:00,88.0
695,12:08:00,94.0
696,12:09:00,104.0
697,12:10:00,104.0
698,12:11:00,92.0
699,12:12:00,93.0
700,12:13:00,92.0
701,12:14:00,101.0
702,12:15:00,105.0
703,12:16:00,102.0
704,12:17:00,92.0
705,12:18:00,88.0
706,12:19:00,86.0
707,12:20:00,88.0
708,12:21:00,88.0
709,12:22:00,96.0
710,12:23:00,79.0
711,12:24:00,83.0
712,12:25:00,85.0
713,12:26:00,86.0
714,12:27:00,83.0
715,12:28:00,83.0
716,12:29:00,85.0
717,12:30:00,84.0
718,12:31:00,84.0
719,12:32:00,86.0
720,12:33:00,84.0
721,12:34:00,84.0
722,12:35:00,85.0
723,12:36:00,85.0
724,12:37:00,84.0
725,12:38:00,81.0
726,12:39:00,85.0
727,12:40:00,81.0
728,12:41:00,83.0
729,12:42:00,82.0
730,12:43:00,83.0
731,12:44:00,85.0
732,12:45:00,82.0
733,12:46:00,85.0
734,12:47:00,81.0
735,12:48:00,80.0
736,12:49:00,83.0
737,12:50:00,84.0
738,12:51:00,84.0
739,12:52:00,84.0
740,12:53:00,85.0
741,12:54:00,84.0
742,12:55:00,86.0
743,12:56:00,98.0
744,12:57:00,99.0
745,12:58:00,85.0
746,12:59:00,81.0
747,13:00:00,84.0
748,13:01:00,87.0
749,13:02:00,85.0
750,13:03:00,87.0
751,13:04:00,88.0
752,13:05:00,93.0
753,13:06:00,90.0
754,13:07:00,83.0
755,13:08:00,84.0
756,13:09:00,80.0
757,13:10:00,84.0
758,13:11:00,79.0
759,13:12:00,81.0
760,13:13:00,76.0
761,13:14:00,79.0
762,13:15:00,76.0
763,13:16:00,74.0
764,13:17:00,78.0
765,13:18:00,85.0
766,13:19:00,80.0
767,13:20:00,80.0
768,13:21:00,80.0
769,13:22:00,85.0
770,13:23:00,87.0
771,13:24:00,86.0
772,13:25:00,88.0
773,13:26:00,82.0
774,13:27:00,84.0
775,13:28:00,84.0
776,13:29:00,85.0
777,13:30:00,83.0
778,13:31:00,87.0
779,13:32:00,87.0
780,13:33:00,86.0
781,13:34:00,89.0
782,13:35:00,86.0
783,13:36:00,90.0
784,13:37:00,86.0
785,13:38:00,81.0
786,13:39:00,84.0
787,13:40:00,84.0
788,13:41:00,83.0
789,13:42:00,83.0
790,13:43:00,83.0
791,13:44:00,81.0
792,13:45:00,82.0
793,13:46:00,79.0
794,13:47:00,83.0
795,13:48:00,79.0
796,13:49:00,77.0
797,13:50:00,81.0
798,13:51:00,81.0
799,13:52:00,81.0
800,13:53:00,78.0
801,13:54:00,79.0
802,13:55:00,83.0
803,13:56:00,82.0
804,13:57:00,81.0
805,13:58:00,78.0
806,13:59:00,79.0
807,14:00:00,86.0
808,14:01:00,84.0
809,14:02:00,81.0
810,14:03:00,83.0
811,14:04:00,83.0
812,14:05:00,85.0
813,14:06:00,91.0
814,14:07:00,87.0
815,14:08:00,88.0
816,14:09:00,94.0
817,14:10:00,87.0
818,14:11:00,83.0
819,14:12:00,84.0
820,14:13:00,81.0
821,14:14:00,85.0
822,14:15:00,83.0
823,14:16:00,76.0
824,14:17:00,76.0
825,14:18:00,76.0
826,14:19:00,77.0
827,14:20:00,87.0
828,14:21:00,78.0
829,14:22:00,84.0
830,14:23:00,80.0
831,14:24:00,90.0
832,14:25:00,87.0
833,14:26:00,81.0
834,14:27:00,84.0
835,14:28:00,82.0
836,14:29:00,78.0
837,14:30:00,82.0
838,14:31:00,81.0
839,14:32:00,80.0
840,14:33:00,80.0
841,14:34:00,86.0
842,14:35:00,86.0
843,14:36:00,84.0
844,14:37:00,83.0
845,14:38:00,82.0
846,14:39:00,81.0
847,14:40:00,80.0
848,14:41:00,82.0
849,14:42:00,83.0
850,14:43:00,90.0
851,14:44:00,84.0
852,14:45:00,83.0
853,14:46:00,85.0
854,14:47:00,85.0
855,14:48:00,89.0
856,14:49:00,88.0
857,14:50:00,88.0
858,14:51:00,90.0
859,14:52:00,89.0
860,14:53:00,90.0
861,14:54:00,86.0
862,14:55:00,88.0
863,14:56:00,84.0
864,14:57:00,87.0
865,14:58:00,81.0
866,14:59:00,83.0
867,15:00:00,85.0
868,15:01:00,85.0
869,15:02:00,82.0
870,15:03:00,79.0
871,15:04:00,82.0
872,15:05:00,85.0
873,15:06:00,101.0
874,15:07:00,106.0
875,15:08:00,93.0
876,15:09:00,99.0
877,15:10:00,106.0
878,15:11:00,103.0
879,15:12:00,102.0
880,15:13:00,102.0
881,15:14:00,107.0
882,15:15:00,109.0
883,15:16:00,126.0
884,15:17:00,130.0
885,15:18:00,128.0
886,15:19:00,121.0
887,15:20:00,122.0
888,15:21:00,125.0
889,15:22:00,119.0
890,15:23:00,105.0
891,15:24:00,104.0
892,15:25:00,100.0
893,15:26:00,99.0
894,15:27:00,97.0
895,15:28:00,96.0
896,15:29:00,89.0
897,15:30:00,92.0
898,15:31:00,94.0
899,15:32:00,97.0
900,15:33:00,92.0
901,15:34:00,91.0
902,15:35:00,93.0
903,15:36:00,91.0
904,15:37:00,92.0
905,15:38:00,90.0
906,15:39:00,89.0
907,15:40:00,87.0
908,15:41:00,88.0
909,15:42:00,88.0
910,15:43:00,87.0
911,15:44:00,85.0
912,15:45:00,86.0
913,15:46:00,86.0
914,15:47:00,86.0
915,15:48:00,84.0
916,15:49:00,85.0
917,15:50:00,84.0
918,15:51:00,87.0
919,15:52:00,85.0
920,15:53:00,85.0
921,15:54:00,85.0
922,15:55:00,86.0
923,15:56:00,85.0
924,15:57:00,83.0
925,15:58:00,82.0
926,15:59:00,84.0
927,16:00:00,85.0
928,16:01:00,85.0
929,16:02:00,102.0
930,16:03:00,91.0
931,16:04:00,90.0
932,16:05:00,89.0
933,16:06:00,91.0
934,16:07:00,96.0
935,16:08:00,98.0
936,16:09:00,93.0
937,16:10:00,91.0
938,16:11:00,88.0
939,16:12:00,84.0
940,16:13:00,87.0
941,16:14:00,85.0
942,16:15:00,82.0
943,16:16:00,86.0
944,16:17:00,84.0
945,16:18:00,86.0
946,16:19:00,84.0
947,16:20:00,84.0
948,16:21:00,85.0
949,16:22:00,86.0
950,16:23:00,86.0
951,16:24:00,83.0
952,16:25:00,84.0
953,16:26:00,89.0
954,16:27:00,88.0
955,16:28:00,86.0
956,16:29:00,86.0
957,16:30:00,85.0
958,16:31:00,81.0
959,16:32:00,83.0
960,16:33:00,85.0
961,16:34:00,84.0
962,16:35:00,84.0
963,16:36:00,84.0
964,16:37:00,86.0
965,16:38:00,83.0
966,16:39:00,84.0
967,16:40:00,88.0
968,16:41:00,85.0
969,16:42:00,85.0
970,16:43:00,86.0
971,16:44:00,95.0
972,16:45:00,99.0
973,16:46:00,95.0
974,16:47:00,96.0
975,16:48:00,100.0
976,16:49:00,103.0
977,16:50:00,100.0
978,16:51:00,104.0
979,16:52:00,97.0
980,16:53:00,98.0
981,16:54:00,100.0
982,16:55:00,100.0
983,16:56:00,96.0
984,16:57:00,92.0
985,16:58:00,95.0
986,16:59:00,97.0
987,17:00:00,98.0
988,17:01:00,96.0
989,17:02:00,101.0
990,17:03:00,99.0
991,17:04:00,97.0
992,17:05:00,96.0
993,17:06:00,94.0
994,17:07:00,93.0
995,17:08:00,89.0
996,17:09:00,79.0
997,17:10:00,86.0
998,17:11:00,79.0
999,17:12:00,90.0
1000,17:13:00,105.0
1001,17:14:00,96.0
1002,17:15:00,102.0
1003,17:16:00,93.0
1004,17:17:00,98.0
1005,17:18:00,97.0
1006,17:19:00,107.0
1007,17:20:00,123.0
1008,17:21:00,120.0
1009,17:22:00,122.0
1010,17:23:00,112.0
1011,17:24:00,100.0
1012,17:25:00,94.0
1013,17:26:00,94.0
1014,17:27:00,93.0
1015,17:28:00,94.0
1016,17:29:00,88.0
1017,17:30:00,91.0
1018,17:31:00,93.0
1019,17:32:00,92.0
1020,17:33:00,94.0
1021,17:34:00,92.0
1022,17:35:00,92.0
1023,17:36:00,93.0
1024,17:37:00,94.0
1025,17:38:00,97.0
1026,17:39:00,94.0
1027,17:40:00,96.0
1028,17:41:00,97.0
1029,17:42:00,96.0
1030,17:43:00,95.0
1031,17:44:00,100.0
1032,17:45:00,97.0
1033,17:46:00,99.0
1034,17:47:00,100.0
1035,17:48:00,96.0
1036,17:49:00,97.0
1037,17:50:00,101.0
1038,17:51:00,94.0
1039,17:52:00,97.0
1040,17:53:00,95.0
1041,17:54:00,90.0
1042,17:55:00,94.0
1043,17:56:00,92.0
1044,17:57:00,94.0
1045,17:58:00,96.0
1046,17:59:00,95.0
1047,18:00:00,101.0
1048,18:01:00,96.0
1049,18:02:00,99.0
1050,18:03:00,99.0
1051,18:04:00,103.0
1052,18:05:00,100.0
1053,18:06:00,102.0
1054,18:07:00,103.0
1055,18:08:00,106.0
1056,18:09:00,110.0
1057,18:10:00,103.0
1058,18:11:00,104.0
1059,18:12:00,106.0
1060,18:13:00,104.0
1061,18:14:00,105.0
1062,18:15:00,102.0
1063,18:16:00,108.0
1064,18:17:00,105.0
1065,18:18:00,107.0
1066,18:19:00,107.0
1067,18:20:00,113.0
1068,18:21:00,115.0
1069,18:22:00,108.0
1070,18:23:00,105.0
1071,18:24:00,104.0
1072,18:25:00,101.0
1073,18:26:00,98.0
1074,18:27:00,99.0
1075,18:28:00,98.0
1076,18:29:00,100.0
1077,18:30:00,101.0
1078,18:31:00,101.0
1079,18:32:00,97.0
1080,18:33:00,97.0
1081,18:34:00,98.0
1082,18:35:00,96.0
1083,18:36:00,95.0
1084,18:37:00,97.0
1085,18:38:00,98.0
1086,18:39:00,97.0
1087,18:40:00,95.0
1088,18:41:00,97.0
1089,18:42:00,94.0
1090,18:43:00,92.0
1091,18:44:00,94.0
1092,18:45:00,97.0
1093,18:46:00,93.0
1094,18:47:00,93.0
1095,18:48:00,97.0
1096,18:49:00,96.0
1097,18:50:00,94.0
1098,18:51:00,95.0
1099,18:52:00,91.0
1100,18:53:00,91.0
1101,18:54:00,90.0
1102,18:55:00,91.0
1103,18:56:00,87.0
1104,18:57:00,94.0
1105,18:58:00,92.0
1106,18:59:00,93.0
1107,19:00:00,91.0
1108,19:01:00,97.0
1109,19:02:00,93.0
1110,19:03:00,90.0
1111,19:04:00,97.0
1112,19:05:00,87.0
1113,19:06:00,87.0
1114,19:07:00,85.0
1115,19:08:00,92.0
1116,19:09:00,92.0
1117,19:10:00,91.0
1118,19:11:00,93.0
1119,19:12:00,94.0
1120,19:13:00,91.0
1121,19:14:00,95.0
1122,19:15:00,98.0
1123,19:16:00,93.0
1124,19:17:00,92.0
1125,19:18:00,94.0
1126,19:19:00,94.0
1127,19:20:00,97.0
1128,19:21:00,107.0
1129,19:22:00,108.0
1130,19:23:00,118.0
1131,19:24:00,134.0
1132,19:25:00,135.0
1133,19:26:00,123.0
1134,19:27:00,103.0
1135,19:28:00,102.0
1136,19:29:00,102.0
1137,19:30:00,101.0
1138,19:31:00,102.0
1139,19:32:00,103.0
1140,19:33:00,101.0
1141,19:34:00,101.0
1142,19:35:00,99.0
1143,19:36:00,100.0
1144,19:37:00,99.0
1145,19:38:00,100.0
1146,19:39:00,100.0
1147,19:40:00,99.0
1148,19:41:00,98.0
1149,19:42:00,97.0
1150,19:43:00,97.0
1151,19:44:00,97.0
1152,19:45:00,97.0
1153,19:46:00,97.0
1154,19:47:00,99.0
1155,19:48:00,97.0
1156,19:49:00,97.0
1157,19:50:00,100.0
1158,19:51:00,96.0
1159,19:52:00,96.0
1160,19:53:00,95.0
1161,19:54:00,99.0
1162,19:55:00,96.0
1163,19:56:00,96.0
1164,19:57:00,95.0
1165,19:58:00,93.0
1166,19:59:00,92.0
1167,20:00:00,99.0
1168,20:01:00,93.0
1169,20:02:00,94.0
1170,20:03:00,95.0
1171,20:04:00,94.0
1172,20:05:00,92.0
1173,20:06:00,98.0
1174,20:07:00,116.0
1175,20:08:00,110.0
1176,20:09:00,108.0
1177,20:10:00,102.0
1178,20:11:00,103.0
1179,20:12:00,112.0
1180,20:13:00,102.0
1181,20:14:00,97.0
1182,20:15:00,98.0
1183,20:16:00,97.0
1184,20:17:00,98.0
1185,20:18:00,91.0
1186,20:19:00,91.0
1187,20:20:00,88.0
1188,20:21:00,92.0
1189,20:22:00,93.0
1190,20:23:00,89.0
1191,20:24:00,101.0
1192,20:25:00,96.0
1193,20:26:00,97.0
1194,20:27:00,101.0
1195,20:28:00,93.0
1196,20:29:00,96.0
1197,20:30:00,107.0
1198,20:31:00,104.0
1199,20:32:00,108.0
1200,20:33:00,100.0
1201,20:34:00,104.0
1202,20:35:00,105.0
1203,20:36:00,107.0
1204,20:37:00,109.0
1205,20:38:00,99.0
1206,20:39:00,97.0
1207,20:40:00,94.0
1208,20:41:00,93.0
1209,20:42:00,92.0
1210,20:43:00,89.0
1211,20:44:00,96.0
1212,20:45:00,90.0
1213,20:46:00,91.0
1214,20:47:00,89.0
1215,20:48:00,92.0
1216,20:49:00,85.0
1217,20:50:00,85.0
1218,20:51:00,85.0
1219,20:52:00,86.0
1220,20:53:00,86.0
1221,20:54:00,85.0
1222,20:55:00,87.0
1223,20:56:00,86.0
1224,20:57:00,85.0
1225,20:58:00,86.0
1226,20:59:00,84.0
1227,21:00:00,92.0
1228,21:01:00,86.0
1229,21:02:00,82.0
1230,21:03:00,82.0
1231,21:04:00,82.0
1232,21:05:00,81.0
1233,21:06:00,86.0
1234,21:07:00,86.0
1235,21:08:00,83.0
1236,21:09:00,82.0
1237,21:10:00,81.0
1238,21:11:00,83.0
1239,21:12:00,82.0
1240,21:13:00,85.0
1241,21:14:00,90.0
1242,21:15:00,81.0
1243,21:16:00,84.0
1244,21:17:00,83.0
1245,21:18:00,82.0
1246,21:19:00,85.0
1247,21:20:00,79.0
1248,21:21:00,82.0
1249,21:22:00,86.0
1250,21:23:00,86.0
1251,21:24:00,83.0
1252,21:25:00,81.0
1253,21:26:00,79.0
1254,21:27:00,80.0
1255,21:28:00,80.0
1256,21:29:00,80.0
1257,21:30:00,80.0
1258,21:31:00,78.0
1259,21:32:00,79.0
1260,21:33:00,86.0
1261,21:34:00,80.0
1262,21:35:00,85.0
1263,21:36:00,83.0
1264,21:37:00,80.0
1265,21:38:00,79.0
1266,21:39:00,81.0
1267,21:40:00,83.0
1268,21:41:00,80.0
1269,21:42:00,81.0
1270,21:43:00,78.0
1271,21:44:00,82.0
1272,21:45:00,81.0
1273,21:46:00,79.0
1274,21:47:00,84.0
1275,21:48:00,86.0
1276,21:49:00,81.0
1277,21:50:00,84.0
1278,21:51:00,85.0
1279,21:52:00,87.0
1280,21:53:00,86.0
1281,21:54:00,85.0
1282,21:55:00,77.0
1283,21:56:00,81.0
1284,21:57:00,85.0
1285,21:58:00,80.0
1286,21:59:00,81.0
1287,22:00:00,85.0
1288,22:01:00,84.0
1289,22:02:00,93.0
1290,22:03:00,91.0
1291,22:04:00,94.0
1292,22:05:00,93.0
1293,22:06:00,87.0
1294,22:07:00,95.0
1295,22:08:00,91.0
1296,22:09:00,89.0
1297,22:10:00,98.0
1298,22:11:00,110.0
1299,22:12:00,107.0
1300,22:13:00,101.0
1301,22:14:00,100.0
1302,22:15:00,93.0
1303,22:16:00,93.0
1304,22:17:00,98.0
1305,22:18:00,101.0
1306,22:19:00,99.0
1307,22:20:00,95.0
1308,22:21:00,101.0
1309,22:22:00,101.0
1310,22:23:00,101.0
1311,22:24:00,100.0
1312,22:25:00,101.0
1313,22:26:00,103.0
1314,22:27:00,100.0
1315,22:28:00,101.0
1316,22:29:00,97.0
1317,22:30:00,99.0
1318,22:31:00,91.0
1319,22:32:00,88.0
1320,22:33:00,86.0
1321,22:34:00,85.0
1322,22:35:00,85.0
1323,22:36:00,85.0
1324,22:37:00,82.0
1325,22:38:00,93.0
1326,22:39:00,97.0
1327,22:40:00,94.0
1328,22:41:00,86.0
1329,22:42:00,84.0
1330,22:43:00,82.0
1331,22:44:00,89.0
1332,22:45:00,83.0
1333,22:46:00,82.0
1334,22:47:00,81.0
1335,22:48:00,80.0
1336,22:49:00,78.0
1337,22:50:00,83.0
1338,22:51:00,81.0
1339,22:52:00,83.0
1340,22:53:00,83.0
1341,22:54:00,80.0
1342,22:55:00,83.0
1343,22:56:00,80.0
1344,22:57:00,82.0
1345,22:58:00,78.0
1346,22:59:00,84.0
1347,23:00:00,76.0
1348,23:01:00,79.0
1349,23:02:00,82.0
1350,23:03:00,81.0
1351,23:04:00,84.0
1352,23:05:00,78.0
1353,23:06:00,76.0
1354,23:07:00,77.0
1355,23:08:00,81.0
1356,23:09:00,78.0
1357,23:10:00,77.0
1358,23:11:00,82.0
1359,23:12:00,83.0
1360,23:13:00,82.0
1361,23:14:00,80.0
1362,23:15:00,83.0
1363,23:16:00,83.0
1364,23:17:00,85.0
1365,23:18:00,79.0
1366,23:19:00,82.0
1367,23:20:00,80.0
1368,23:21:00,80.0
1369,23:22:00,83.0
1370,23:23:00,82.0
1371,23:24:00,100.0
1372,23:25:00,100.0
1373,23:26:00,98.0
1374,23:27:00,94.0
1375,23:28:00,86.0
1376,23:29:00,84.0
1377,23:30:00,83.0
1378,23:31:00,83.0
1379,23:32:00,84.0
1380,23:33:00,82.0
1381,23:34:00,83.0
1382,23:35:00,85.0
1383,23:36:00,81.0
1384,23:37:00,82.0
1385,23:38:00,86.0
1386,23:39:00,84.0
1387,23:40:00,79.0
1388,23:41:00,82.0
1389,23:42:00,76.0
1390,23:43:00,77.0
1391,23:44:00,80.0
1392,23:45:00,79.0
1393,23:46:00,82.0
1394,23:47:00,88.0
1395,23:48:00,93.0
1396,23:49:00,89.0
1397,23:50:00,80.0
1398,23:51:00,82.0
1399,23:52:00,83.0
1400,23:53:00,85.0
1401,23:54:00,80.0
1402,23:55:00,81.0
1403,23:56:00,80.0
1404,23:57:00,83.0
1405,23:58:00,81.0
1406,23:59:00,81.0
